Workbook

Sheet Component4_Dataset
A1: record_id | B1: plant_id | C1: plant_name | D1: plant_location | E1: style_id | F1: buyer_name | G1: order_quantity | H1: production_start_date | I1: order_completed_date | J1: planned_completion_days | K1: actual_completion_days | L1: delay_days | M1: delay_status | N1: machine_count | O1: active_machine_count | P1: machine_utilization | Q1: employee_count | R1: daily_output_avg | S1: total_workload | T1: urgent_style_flag | U1: urgent_handled_count | V1: risk_count_from_component3 | W1: machine_breakdown_days | X1: worker_shortage_days | Y1: damage_rate | Z1: quality_rating | AA1: on_time_rate | AB1: efficiency_score | AC1: performance_score | AD1: star_rating | AE1: recommendation | AF1: best_plant_recommendation
A2: C4-0001 | B2: PL04 | C2: Sunrose Lanka | D2: Katubedda | E2: KM877572 | F2: Tesco | G2: 19012 | H2: 45872 | I2: 45907 | J2: 31 | K2: 34 | L2: =K2-J2 -> 3 | M2: =IF(L2>0,"Delayed",IF(L2<0,"Early","On Time")) -> Delayed | N2: 13 | O2: 10 | P2: =O2/N2 -> 0.76923077 | Q2: 34 | R2: 559.2 | S2: 23012 | T2: Yes | U2: 1 | V2: 6 | W2: 0 | X2: 2 | Y2: 3.05 | Z2: 4.2 | AA2: 0.83 | AB2: =MIN(5,MAX(1,(R2/MAX(1,Q2))*0.08 + (1-Y2/100)*2.2 + Z2*0.35 + AA2*2)) -> 5 | AC2: =ROUND((0.3*Z2)+(0.25*(AA2*5))+(0.2*AB2)+(0.15*(P2*5))+(0.1*IF(M2="Delayed",3.2,IF(M2="On Time",4.3,4.7))),2) -> 4.19 | AD2: =IF(AC2>=4.5,"⭐⭐⭐⭐⭐",IF(AC2>=4,"⭐⭐⭐⭐",IF(AC2>=3.5,"⭐⭐⭐",IF(AC2>=3,"⭐⭐","⭐")))) -> ⭐⭐⭐⭐ | AE2: =IF(M2="Delayed",IF(V2>8,"Reduce risk days and add supervisor monitoring",IF(W2>3,"Increase machine maintenance support",IF(X2>3,"Improve workforce allocation","Increase daily output monitoring"))),IF(T2="Yes","Suitable for urgent style handling","Maintain current resource allocation")) -> Increase daily output monitoring | AF2: =IF(AC2>=4.5,"Best for urgent/high priority orders",IF(AC2>=4,"Recommended for medium-high orders",IF(AC2>=3.5,"Use for normal priority orders","Use only with management support"))) -> Recommended for medium-high orders
A3: C4-0002 | B3: PL03 | C3: Bobbin Group | D3: Mount Lavinia | E3: BYGR1106 | F3: George | G3: 7231 | H3: 45680 | I3: 45714 | J3: 27 | K3: 29 | L3: =K3-J3 -> 2 | M3: =IF(L3>0,"Delayed",IF(L3<0,"Early","On Time")) -> Delayed | N3: 17 | O3: 12 | P3: =O3/N3 -> 0.70588235 | Q3: 49 | R3: 249.3 | S3: 11231 | T3: No | U3: 2 | V3: 0 | W3: 2 | X3: 4 | Y3: 2.94 | Z3: 4.3 | AA3: 0.85 | AB3: =MIN(5,MAX(1,(R3/MAX(1,Q3))*0.08 + (1-Y3/100)*2.2 + Z3*0.35 + AA3*2)) -> 5 | AC3: =ROUND((0.3*Z3)+(0.25*(AA3*5))+(0.2*AB3)+(0.15*(P3*5))+(0.1*IF(M3="Delayed",3.2,IF(M3="On Time",4.3,4.7))),2) -> 4.2 | AD3: =IF(AC3>=4.5,"⭐⭐⭐⭐⭐",IF(AC3>=4,"⭐⭐⭐⭐",IF(AC3>=3.5,"⭐⭐⭐",IF(AC3>=3,"⭐⭐","⭐")))) -> ⭐⭐⭐⭐ | AE3: =IF(M3="Delayed",IF(V3>8,"Reduce risk days and add supervisor monitoring",IF(W3>3,"Increase machine maintenance support",IF(X3>3,"Improve workforce allocation","Increase daily output monitoring"))),IF(T3="Yes","Suitable for urgent style handling","Maintain current resource allocation")) -> Improve workforce allocation | AF3: =IF(AC3>=4.5,"Best for urgent/high priority orders",IF(AC3>=4,"Recommended for medium-high orders",IF(AC3>=3.5,"Use for normal priority orders","Use only with management support"))) -> Recommended for medium-high orders
A4: C4-0003 | B4: PL03 | C4: Bobbin Group | D4: Mount Lavinia | E4: KM496922 | F4: Tesco | G4: 12582 | H4: 45852 | I4: 45898 | J4: 41 | K4: 44 | L4: =K4-J4 -> 3 | M4: =IF(L4>0,"Delayed",IF(L4<0,"Early","On Time")) -> Delayed | N4: 12 | O4: 8 | P4: =O4/N4 -> 0.66666667 | Q4: 45 | R4: 286 | S4: 14582 | T4: No | U4: 0 | V4: 0 | W4: 0 | X4: 1 | Y4: 3.7 | Z4: 4.3 | AA4: 0.85 | AB4: =MIN(5,MAX(1,(R4/MAX(1,Q4))*0.08 + (1-Y4/100)*2.2 + Z4*0.35 + AA4*2)) -> 5 | AC4: =ROUND((0.3*Z4)+(0.25*(AA4*5))+(0.2*AB4)+(0.15*(P4*5))+(0.1*IF(M4="Delayed",3.2,IF(M4="On Time",4.3,4.7))),2) -> 4.17 | AD4: =IF(AC4>=4.5,"⭐⭐⭐⭐⭐",IF(AC4>=4,"⭐⭐⭐⭐",IF(AC4>=3.5,"⭐⭐⭐",IF(AC4>=3,"⭐⭐","⭐")))) -> ⭐⭐⭐⭐ | AE4: =IF(M4="Delayed",IF(V4>8,"Reduce risk days and add supervisor monitoring",IF(W4>3,"Increase machine maintenance support",IF(X4>3,"Improve workforce allocation","Increase daily output monitoring"))),IF(T4="Yes","Suitable for urgent style handling","Maintain current resource allocation")) -> Increase daily output monitoring | AF4: =IF(AC4>=4.5,"Best for urgent/high priority orders",IF(AC4>=4,"Recommended for medium-high orders",IF(AC4>=3.5,"Use for normal priority orders","Use only with management support"))) -> Recommended for medium-high orders
A5: C4-0004 | B5: PL03 | C5: Bobbin Group | D5: Mount Lavinia | E5: BYGR3664 | F5: George | G5: 14130 | H5: 45943 | I5: 45984 | J5: 35 | K5: 40 | L5: =K5-J5 -> 5 | M5: =IF(L5>0,"Delayed",IF(L5<0,"Early","On Time")) -> Delayed | N5: 14 | O5: 10 | P5: =O5/N5 -> 0.71428571 | Q5: 50 | R5: 353.2 | S5: 16130 | T5: Yes | U5: 5 | V5: 3 | W5: 1 | X5: 0 | Y5: 3.43 | Z5: 4.3 | AA5: 0.85 | AB5: =MIN(5,MAX(1,(R5/MAX(1,Q5))*0.08 + (1-Y5/100)*2.2 + Z5*0.35 + AA5*2)) -> 5 | AC5: =ROUND((0.3*Z5)+(0.25*(AA5*5))+(0.2*AB5)+(0.15*(P5*5))+(0.1*IF(M5="Delayed",3.2,IF(M5="On Time",4.3,4.7))),2) -> 4.21 | AD5: =IF(AC5>=4.5,"⭐⭐⭐⭐⭐",IF(AC5>=4,"⭐⭐⭐⭐",IF(AC5>=3.5,"⭐⭐⭐",IF(AC5>=3,"⭐⭐","⭐")))) -> ⭐⭐⭐⭐ | AE5: =IF(M5="Delayed",IF(V5>8,"Reduce risk days and add supervisor monitoring",IF(W5>3,"Increase machine maintenance support",IF(X5>3,"Improve workforce allocation","Increase daily output monitoring"))),IF(T5="Yes","Suitable for urgent style handling","Maintain current resource allocation")) -> Increase daily output monitoring | AF5: =IF(AC5>=4.5,"Best for urgent/high priority orders",IF(AC5>=4,"Recommended for medium-high orders",IF(AC5>=3.5,"Use for normal priority orders","Use only with management support"))) -> Recommended for medium-high orders
A6: C4-0005 | B6: PL04 | C6: Sunrose Lanka | D6: Katubedda | E6: KM340174 | F6: Tesco | G6: 11051 | H6: 45945 | I6: 45983 | J6: 34 | K6: 34 | L6: =K6-J6 -> 0 | M6: =IF(L6>0,"Delayed",IF(L6<0,"Early","On Time")) -> On Time | N6: 13 | O6: 10 | P6: =O6/N6 -> 0.76923077 | Q6: 46 | R6: 325 | S6: 14051 | T6: No | U6: 1 | V6: 12 | W6: 4 | X6: 0 | Y6: 3.17 | Z6: 4.2 | AA6: 0.83 | AB6: =MIN(5,MAX(1,(R6/MAX(1,Q6))*0.08 + (1-Y6/100)*2.2 + Z6*0.35 + AA6*2)) -> 5 | AC6: =ROUND((0.3*Z6)+(0.25*(AA6*5))+(0.2*AB6)+(0.15*(P6*5))+(0.1*IF(M6="Delayed",3.2,IF(M6="On Time",4.3,4.7))),2) -> 4.3 | AD6: =IF(AC6>=4.5,"⭐⭐⭐⭐⭐",IF(AC6>=4,"⭐⭐⭐⭐",IF(AC6>=3.5,"⭐⭐⭐",IF(AC6>=3,"⭐⭐","⭐")))) -> ⭐⭐⭐⭐ | AE6: =IF(M6="Delayed",IF(V6>8,"Reduce risk days and add supervisor monitoring",IF(W6>3,"Increase machine maintenance support",IF(X6>3,"Improve workforce allocation","Increase daily output monitoring"))),IF(T6="Yes","Suitable for urgent style handling","Maintain current resource allocation")) -> Maintain current resource allocation | AF6: =IF(AC6>=4.5,"Best for urgent/high priority orders",IF(AC6>=4,"Recommended for medium-high orders",IF(AC6>=3.5,"Use for normal priority orders","Use only with management support"))) -> Recommended for medium-high orders
A7: C4-0006 | B7: PL02 | C7: MRC Group | D7: Colombo | E7: TG7543 | F7: M&S | G7: 10930 | H7: 45855 | I7: 45890 | J7: 31 | K7: 32 | L7: =K7-J7 -> 1 | M7: =IF(L7>0,"Delayed",IF(L7<0,"Early","On Time")) -> Delayed | N7: 15 | O7: 12 | P7: =O7/N7 -> 0.8 | Q7: 57 | R7: 341.6 | S7: 14930 | T7: No | U7: 0 | V7: 6 | W7: 3 | X7: 3 | Y7: 2.16 | Z7: 4.5 | AA7: 0.88 | AB7: =MIN(5,MAX(1,(R7/MAX(1,Q7))*0.08 + (1-Y7/100)*2.2 + Z7*0.35 + AA7*2)) -> 5 | AC7: =ROUND((0.3*Z7)+(0.25*(AA7*5))+(0.2*AB7)+(0.15*(P7*5))+(0.1*IF(M7="Delayed",3.2,IF(M7="On Time",4.3,4.7))),2) -> 4.37 | AD7: =IF(AC7>=4.5,"⭐⭐⭐⭐⭐",IF(AC7>=4,"⭐⭐⭐⭐",IF(AC7>=3.5,"⭐⭐⭐",IF(AC7>=3,"⭐⭐","⭐")))) -> ⭐⭐⭐⭐ | AE7: =IF(M7="Delayed",IF(V7>8,"Reduce risk days and add supervisor monitoring",IF(W7>3,"Increase machine maintenance support",IF(X7>3,"Improve workforce allocation","Increase daily output monitoring"))),IF(T7="Yes","Suitable for urgent style handling","Maintain current resource allocation")) -> Increase daily output monitoring | AF7: =IF(AC7>=4.5,"Best for urgent/high priority orders",IF(AC7>=4,"Recommended for medium-high orders",IF(AC7>=3.5,"Use for normal priority orders","Use only with management support"))) -> Recommended for medium-high orders
A8: C4-0007 | B8: PL04 | C8: Sunrose Lanka | D8: Katubedda | E8: TG9669 | F8: M&S | G8: 9119 | H8: 45792 | I8: 45819 | J8: 24 | K8: 23 | L8: =K8-J8 -> -1 | M8: =IF(L8>0,"Delayed",IF(L8<0,"Early","On Time")) -> Early | N8: 14 | O8: 11 | P8: =O8/N8 -> 0.78571429 | Q8: 44 | R8: 396.5 | S8: 9119 | T8: No | U8: 2 | V8: 10 | W8: 3 | X8: 1 | Y8: 2.75 | Z8: 4.2 | AA8: 0.83 | AB8: =MIN(5,MAX(1,(R8/MAX(1,Q8))*0.08 + (1-Y8/100)*2.2 + Z8*0.35 + AA8*2)) -> 5 | AC8: =ROUND((0.3*Z8)+(0.25*(AA8*5))+(0.2*AB8)+(0.15*(P8*5))+(0.1*IF(M8="Delayed",3.2,IF(M8="On Time",4.3,4.7))),2) -> 4.36 | AD8: =IF(AC8>=4.5,"⭐⭐⭐⭐⭐",IF(AC8>=4,"⭐⭐⭐⭐",IF(AC8>=3.5,"⭐⭐⭐",IF(AC8>=3,"⭐⭐","⭐")))) -> ⭐⭐⭐⭐ | AE8: =IF(M8="Delayed",IF(V8>8,"Reduce risk days and add supervisor monitoring",IF(W8>3,"Increase machine maintenance support",IF(X8>3,"Improve workforce allocation","Increase daily output monitoring"))),IF(T8="Yes","Suitable for urgent style handling","Maintain current resource allocation")) -> Maintain current resource allocation | AF8: =IF(AC8>=4.5,"Best for urgent/high priority orders",IF(AC8>=4,"Recommended for medium-high orders",IF(AC8>=3.5,"Use for normal priority orders","Use only with management support"))) -> Recommended for medium-high orders
A9: C4-0008 | B9: PL05 | C9: Regal Image | D9: Maharagama | E9: KM755674 | F9: Tesco | G9: 19779 | H9: 45843 | I9: 45883 | J9: 40 | K9: 38 | L9: =K9-J9 -> -2 | M9: =IF(L9>0,"Delayed",IF(L9<0,"Early","On Time")) -> Early | N9: 9 | O9: 6 | P9: =O9/N9 -> 0.66666667 | Q9: 45 | R9: 520.5 | S9: 19779 | T9: No | U9: 0 | V9: 8 | W9: 5 | X9: 6 | Y9: 3.11 | Z9: 4 | AA9: 0.8 | AB9: =MIN(5,MAX(1,(R9/MAX(1,Q9))*0.08 + (1-Y9/100)*2.2 + Z9*0.35 + AA9*2)) -> 5 | AC9: =ROUND((0.3*Z9)+(0.25*(AA9*5))+(0.2*AB9)+(0.15*(P9*5))+(0.1*IF(M9="Delayed",3.2,IF(M9="On Time",4.3,4.7))),2) -> 4.17 | AD9: =IF(AC9>=4.5,"⭐⭐⭐⭐⭐",IF(AC9>=4,"⭐⭐⭐⭐",IF(AC9>=3.5,"⭐⭐⭐",IF(AC9>=3,"⭐⭐","⭐")))) -> ⭐⭐⭐⭐ | AE9: =IF(M9="Delayed",IF(V9>8,"Reduce risk days and add supervisor monitoring",IF(W9>3,"Increase machine maintenance support",IF(X9>3,"Improve workforce allocation","Increase daily output monitoring"))),IF(T9="Yes","Suitable for urgent style handling","Maintain current resource allocation")) -> Maintain current resource allocation | AF9: =IF(AC9>=4.5,"Best for urgent/high priority orders",IF(AC9>=4,"Recommended for medium-high orders",IF(AC9>=3.5,"Use for normal priority orders","Use only with management support"))) -> Recommended for medium-high orders
A10: C4-0009 | B10: PL02 | C10: MRC Group | D10: Colombo | E10: AH2290 | F10: Hirdaramani | G10: 42806 | H10: 45849 | I10: 45926 | J10: 70 | K10: 74 | L10: =K10-J10 -> 4 | M10: =IF(L10>0,"Delayed",IF(L10<0,"Early","On Time")) -> Delayed | N10: 15 | O10: 11 | P10: =O10/N10 -> 0.73333333 | Q10: 57 | R10: 578.5 | S10: 43806 | T10: No | U10: 1 | V10: 7 | W10: 2 | X10: 4 | Y10: 2.95 | Z10: 4.5 | AA10: 0.88 | AB10: =MIN(5,MAX(1,(R10/MAX(1,Q10))*0.08 + (1-Y10/100)*2.2 + Z10*0.35 + AA10*2)) -> 5 | AC10: =ROUND((0.3*Z10)+(0.25*(AA10*5))+(0.2*AB10)+(0.15*(P10*5))+(0.1*IF(M10="Delayed",3.2,IF(M10="On Time",4.3,4.7))),2) -> 4.32 | AD10: =IF(AC10>=4.5,"⭐⭐⭐⭐⭐",IF(AC10>=4,"⭐⭐⭐⭐",IF(AC10>=3.5,"⭐⭐⭐",IF(AC10>=3,"⭐⭐","⭐")))) -> ⭐⭐⭐⭐ | AE10: =IF(M10="Delayed",IF(V10>8,"Reduce risk days and add supervisor monitoring",IF(W10>3,"Increase machine maintenance support",IF(X10>3,"Improve workforce allocation","Increase daily output monitoring"))),IF(T10="Yes","Suitable for urgent style handling","Maintain current resource allocation")) -> Improve workforce allocation | AF10: =IF(AC10>=4.5,"Best for urgent/high priority orders",IF(AC10>=4,"Recommended for medium-high orders",IF(AC10>=3.5,"Use for normal priority orders","Use only with management support"))) -> Recommended for medium-high orders
A11: C4-0010 | B11: PL06 | C11: Amsral Lanka | D11: Boralesgamuwa | E11: TG2982 | F11: M&S | G11: 9061 | H11: 45921 | I11: 45944 | J11: 19 | K11: 22 | L11: =K11-J11 -> 3 | M11: =IF(L11>0,"Delayed",IF(L11<0,"Early","On Time")) -> Delayed | N11: 8 | O11: 5 | P11: =O11/N11 -> 0.625 | Q11: 28 | R11: 411.9 | S11: 11061 | T11: Yes | U11: 0 | V11: 5 | W11: 2 | X11: 2 | Y11: 3.57 | Z11: 3.8 | AA11: 0.78 | AB11: =MIN(5,MAX(1,(R11/MAX(1,Q11))*0.08 + (1-Y11/100)*2.2 + Z11*0.35 + AA11*2)) -> 5 | AC11: =ROUND((0.3*Z11)+(0.25*(AA11*5))+(0.2*AB11)+(0.15*(P11*5))+(0.1*IF(M11="Delayed",3.2,IF(M11="On Time",4.3,4.7))),2) -> 3.9 | AD11: =IF(AC11>=4.5,"⭐⭐⭐⭐⭐",IF(AC11>=4,"⭐⭐⭐⭐",IF(AC11>=3.5,"⭐⭐⭐",IF(AC11>=3,"⭐⭐","⭐")))) -> ⭐⭐⭐ | AE11: =IF(M11="Delayed",IF(V11>8,"Reduce risk days and add supervisor monitoring",IF(W11>3,"Increase machine maintenance support",IF(X11>3,"Improve workforce allocation","Increase daily output monitoring"))),IF(T11="Yes","Suitable for urgent style handling","Maintain current resource allocation")) -> Increase daily output monitoring | AF11: =IF(AC11>=4.5,"Best for urgent/high priority orders",IF(AC11>=4,"Recommended for medium-high orders",IF(AC11>=3.5,"Use for normal priority orders","Use only with management support"))) -> Use for normal priority orders
A12: C4-0011 | B12: PL02 | C12: MRC Group | D12: Colombo | E12: TG4510 | F12: M&S | G12: 13834 | H12: 45685 | I12: 45722 | J12: 28 | K12: 32 | L12: =K12-J12 -> 4 | M12: =IF(L12>0,"Delayed",IF(L12<0,"Early","On Time")) -> Delayed | N12: 19 | O12: 14 | P12: =O12/N12 -> 0.73684211 | Q12: 47 | R12: 432.3 | S12: 16834 | T12: No | U12: 2 | V12: 7 | W12: 1 | X12: 2 | Y12: 2.6 | Z12: 4.5 | AA12: 0.88 | AB12: =MIN(5,MAX(1,(R12/MAX(1,Q12))*0.08 + (1-Y12/100)*2.2 + Z12*0.35 + AA12*2)) -> 5 | AC12: =ROUND((0.3*Z12)+(0.25*(AA12*5))+(0.2*AB12)+(0.15*(P12*5))+(0.1*IF(M12="Delayed",3.2,IF(M12="On Time",4.3,4.7))),2) -> 4.32 | AD12: =IF(AC12>=4.5,"⭐⭐⭐⭐⭐",IF(AC12>=4,"⭐⭐⭐⭐",IF(AC12>=3.5,"⭐⭐⭐",IF(AC12>=3,"⭐⭐","⭐")))) -> ⭐⭐⭐⭐ | AE12: =IF(M12="Delayed",IF(V12>8,"Reduce risk days and add supervisor monitoring",IF(W12>3,"Increase machine maintenance support",IF(X12>3,"Improve workforce allocation","Increase daily output monitoring"))),IF(T12="Yes","Suitable for urgent style handling","Maintain current resource allocation")) -> Increase daily output monitoring | AF12: =IF(AC12>=4.5,"Best for urgent/high priority orders",IF(AC12>=4,"Recommended for medium-high orders",IF(AC12>=3.5,"Use for normal priority orders","Use only with management support"))) -> Recommended for medium-high orders
A13: C4-0012 | B13: PL04 | C13: Sunrose Lanka | D13: Katubedda | E13: KM163556 | F13: Tesco | G13: 23193 | H13: 45939 | I13: 45974 | J13: 34 | K13: 35 | L13: =K13-J13 -> 1 | M13: =IF(L13>0,"Delayed",IF(L13<0,"Early","On Time")) -> Delayed | N13: 12 | O13: 9 | P13: =O13/N13 -> 0.75 | Q13: 41 | R13: 662.7 | S13: 23193 | T13: No | U13: 3 | V13: 7 | W13: 3 | X13: 3 | Y13: 3.14 | Z13: 4.2 | AA13: 0.83 | AB13: =MIN(5,MAX(1,(R13/MAX(1,Q13))*0.08 + (1-Y13/100)*2.2 + Z13*0.35 + AA13*2)) -> 5 | AC13: =ROUND((0.3*Z13)+(0.25*(AA13*5))+(0.2*AB13)+(0.15*(P13*5))+(0.1*IF(M13="Delayed",3.2,IF(M13="On Time",4.3,4.7))),2) -> 4.18 | AD13: =IF(AC13>=4.5,"⭐⭐⭐⭐⭐",IF(AC13>=4,"⭐⭐⭐⭐",IF(AC13>=3.5,"⭐⭐⭐",IF(AC13>=3,"⭐⭐","⭐")))) -> ⭐⭐⭐⭐ | AE13: =IF(M13="Delayed",IF(V13>8,"Reduce risk days and add supervisor monitoring",IF(W13>3,"Increase machine maintenance support",IF(X13>3,"Improve workforce allocation","Increase daily output monitoring"))),IF(T13="Yes","Suitable for urgent style handling","Maintain current resource allocation")) -> Increase daily output monitoring | AF13: =IF(AC13>=4.5,"Best for urgent/high priority orders",IF(AC13>=4,"Recommended for medium-high orders",IF(AC13>=3.5,"Use for normal priority orders","Use only with management support"))) -> Recommended for medium-high orders
... A501: C4-0500 | B501: PL03 | C501: Bobbin Group | D501: Mount Lavinia | E501: BYGR8008 | F501: George | G501: 19058 | H501: 45742 | I501: 45777 | J501: 31 | K501: 31 | L501: =K501-J501 -> 0 | M501: =IF(L501>0,"Delayed",IF(L501<0,"Early","On Time")) -> On Time | N501: 12 | O501: 10 | P501: =O501/N501 -> 0.83333333 | Q501: 40 | R501: 614.8 | S501: 20058 | T501: No | U501: 0 | V501: 3 | W501: 4 | X501: 0 | Y501: 3.37 | Z501: 4.3 | AA501: 0.85 | AB501: =MIN(5,MAX(1,(R501/MAX(1,Q501))*0.08 + (1-Y501/100)*2.2 + Z501*0.35 + AA501*2)) -> 5 | AC501: =ROUND((0.3*Z501)+(0.25*(AA501*5))+(0.2*AB501)+(0.15*(P501*5))+(0.1*IF(M501="Delayed",3.2,IF(M501="On Time",4.3,4.7))),2) -> 4.41 | AD501: =IF(AC501>=4.5,"⭐⭐⭐⭐⭐",IF(AC501>=4,"⭐⭐⭐⭐",IF(AC501>=3.5,"⭐⭐⭐",IF(AC501>=3,"⭐⭐","⭐")))) -> ⭐⭐⭐⭐ | AE501: =IF(M501="Delayed",IF(V501>8,"Reduce risk days and add supervisor monitoring",IF(W501>3,"Increase machine maintenance support",IF(X501>3,"Improve workforce allocation","Increase daily output monitoring"))),IF(T501="Yes","Suitable for urgent style handling","Maintain current resource allocation")) -> Maintain current resource allocation | AF501: =IF(AC501>=4.5,"Best for urgent/high priority orders",IF(AC501>=4,"Recommended for medium-high orders",IF(AC501>=3.5,"Use for normal priority orders","Use only with management support"))) -> Recommended for medium-high orders

Sheet Plant_Ratings
A1: plant_id | B1: plant_name | C1: plant_location | D1: quality_rating | E1: on_time_rate | F1: efficiency_base | G1: utilization_base | H1: score | I1: rank
A2: PL01 | B2: Dinusha Embroidery | C2: Weliweriya | D2: 4.8 | E2: 0.92 | F2: 0.9 | G2: 0.85 | H2: 4.35 | I2: =RANK(H2,$H$2:$H$7,0) -> 1
A3: PL02 | B3: MRC Group | C3: Colombo | D3: 4.5 | E3: 0.88 | F3: 0.87 | G3: 0.8 | H3: 4.07 | I3: =RANK(H3,$H$2:$H$7,0) -> 2
A4: PL03 | B4: Bobbin Group | C4: Mount Lavinia | D4: 4.3 | E4: 0.85 | F4: 0.82 | G4: 0.78 | H4: 3.92 | I4: =RANK(H4,$H$2:$H$7,0) -> 3
A5: PL04 | B5: Sunrose Lanka | C5: Katubedda | D5: 4.2 | E5: 0.83 | F5: 0.8 | G5: 0.75 | H5: 3.84 | I5: =RANK(H5,$H$2:$H$7,0) -> 4
A6: PL05 | B6: Regal Image | C6: Maharagama | D6: 4 | E6: 0.8 | F6: 0.78 | G6: 0.7 | H6: 3.7 | I6: =RANK(H6,$H$2:$H$7,0) -> 5
A7: PL06 | B7: Amsral Lanka | C7: Boralesgamuwa | D7: 3.8 | E7: 0.78 | F7: 0.75 | G7: 0.72 | H7: 3.6 | I7: =RANK(H7,$H$2:$H$7,0) -> 6

Sheet Dashboard
A1: Component 4 – Production Analysis & Resource Optimization Dashboard
A3: Total Records | B3: =COUNTA(Component4_Dataset!A2:A501) -> 500 | D3: Plant | E3: Orders | F3: Avg Score | G3: Avg Utilization | H3: Delayed Orders | I3: Avg Damage Rate
A4: Average Performance Score | B4: =ROUND(AVERAGE(Component4_Dataset!AC2:AC501),2) -> 4.3 | D4: Dinusha Embroidery | E4: =COUNTIF(Component4_Dataset!C:C,D4) -> 95 | F4: =ROUND(AVERAGEIF(Component4_Dataset!C:C,D4,Component4_Dataset!AC:AC),2) -> 4.63 | G4: =ROUND(AVERAGEIF(Component4_Dataset!C:C,D4,Component4_Dataset!P:P),2) -> 0.84 | H4: =COUNTIFS(Component4_Dataset!C:C,D4,Component4_Dataset!M:M,"Delayed") -> 37 | I4: =ROUND(AVERAGEIF(Component4_Dataset!C:C,D4,Component4_Dataset!Y:Y),2) -> 2.96
A5: Delayed Orders | B5: =COUNTIF(Component4_Dataset!M2:M501,"Delayed") -> 332 | D5: MRC Group | E5: =COUNTIF(Component4_Dataset!C:C,D5) -> 87 | F5: =ROUND(AVERAGEIF(Component4_Dataset!C:C,D5,Component4_Dataset!AC:AC),2) -> 4.43 | G5: =ROUND(AVERAGEIF(Component4_Dataset!C:C,D5,Component4_Dataset!P:P),2) -> 0.8 | H5: =COUNTIFS(Component4_Dataset!C:C,D5,Component4_Dataset!M:M,"Delayed") -> 52 | I5: =ROUND(AVERAGEIF(Component4_Dataset!C:C,D5,Component4_Dataset!Y:Y),2) -> 3.01
A6: On Time Orders | B6: =COUNTIF(Component4_Dataset!M2:M501,"On Time") -> 52 | D6: Bobbin Group | E6: =COUNTIF(Component4_Dataset!C:C,D6) -> 84 | F6: =ROUND(AVERAGEIF(Component4_Dataset!C:C,D6,Component4_Dataset!AC:AC),2) -> 4.3 | G6: =ROUND(AVERAGEIF(Component4_Dataset!C:C,D6,Component4_Dataset!P:P),2) -> 0.78 | H6: =COUNTIFS(Component4_Dataset!C:C,D6,Component4_Dataset!M:M,"Delayed") -> 60 | I6: =ROUND(AVERAGEIF(Component4_Dataset!C:C,D6,Component4_Dataset!Y:Y),2) -> 3.13
A7: Early Orders | B7: =COUNTIF(Component4_Dataset!M2:M501,"Early") -> 116 | D7: Sunrose Lanka | E7: =COUNTIF(Component4_Dataset!C:C,D7) -> 100 | F7: =ROUND(AVERAGEIF(Component4_Dataset!C:C,D7,Component4_Dataset!AC:AC),2) -> 4.23 | G7: =ROUND(AVERAGEIF(Component4_Dataset!C:C,D7,Component4_Dataset!P:P),2) -> 0.75 | H7: =COUNTIFS(Component4_Dataset!C:C,D7,Component4_Dataset!M:M,"Delayed") -> 67 | I7: =ROUND(AVERAGEIF(Component4_Dataset!C:C,D7,Component4_Dataset!Y:Y),2) -> 3.17
A8: Best Rated Plant | B8: =INDEX(Plant_Ratings!B2:B7,MATCH(MAX(Plant_Ratings!H2:H7),Plant_Ratings!H2:H7,0)) -> Dinusha Embroidery | D8: Regal Image | E8: =COUNTIF(Component4_Dataset!C:C,D8) -> 67 | F8: =ROUND(AVERAGEIF(Component4_Dataset!C:C,D8,Component4_Dataset!AC:AC),2) -> 4.07 | G8: =ROUND(AVERAGEIF(Component4_Dataset!C:C,D8,Component4_Dataset!P:P),2) -> 0.71 | H8: =COUNTIFS(Component4_Dataset!C:C,D8,Component4_Dataset!M:M,"Delayed") -> 57 | I8: =ROUND(AVERAGEIF(Component4_Dataset!C:C,D8,Component4_Dataset!Y:Y),2) -> 3.28
D9: Amsral Lanka | E9: =COUNTIF(Component4_Dataset!C:C,D9) -> 67 | F9: =ROUND(AVERAGEIF(Component4_Dataset!C:C,D9,Component4_Dataset!AC:AC),2) -> 3.99 | G9: =ROUND(AVERAGEIF(Component4_Dataset!C:C,D9,Component4_Dataset!P:P),2) -> 0.71 | H9: =COUNTIFS(Component4_Dataset!C:C,D9,Component4_Dataset!M:M,"Delayed") -> 59 | I9: =ROUND(AVERAGEIF(Component4_Dataset!C:C,D9,Component4_Dataset!Y:Y),2) -> 3.4
